{
  "version": "2.0",
  "extensions": {
    "serviceBus": {
      "prefetchCount": 100,
      "messageHandlerOptions": {
        "autoComplete": true,
        "maxConcurrentCalls": 16,
        "maxAutoRenewDuration": "00:05:00"
      }
    },
    "http": {
      "routePrefix": "api"
    },
    "blobs": {
      "maxConcurrentCalls": 5
    }
  },
  "logging": {
    "logLevel": {
      "Function.BlobTriggeredFunction": "Information",
      "Function.ServiceBusQueueFunction": "Information",
      "default": "Warning"
    },
    "applicationInsights": {
      "samplingSettings": {
        "isEnabled": true,
        "excludedTypes": "Request"
      }
    }
  },
  "functionTimeout": "00:10:00"
}
